Configuração;Num Máquinas;Núcleos por Máquina;Taxa de Chegada (data/s);Tempo de Resposta (s);Throughput (jobs/s);Taxa de Drop (data/s);Utilização do Sistema (%);Utilização Máquina 1 (%);Utilização Máquina 2 (%)
2 Máq. × 2 Núcleos;2;2;1.0000;0.800596;1.000226;0.000000;0.198938;0.198938;0.198388
2 Máq. × 2 Núcleos;2;2;3.1111;0.996758;3.086834;0.000000;0.620032;0.620032;0.625935
2 Máq. × 2 Núcleos;2;2;5.2222;8.371665;4.995259;0.252135;0.997672;0.997672;0.997824
2 Máq. × 2 Núcleos;2;2;7.3333;11.538235;4.970496;2.358712;1.000000;1.000000;1.000000
2 Máq. × 2 Núcleos;2;2;9.4444;11.688456;4.991937;4.353063;1.000000;1.000000;1.000000
2 Máq. × 2 Núcleos;2;2;11.5556;11.842547;5.008049;6.546647;1.000000;1.000000;1.000000
2 Máq. × 2 Núcleos;2;2;13.6667;11.988096;4.977929;8.720954;1.000000;1.000000;1.000000
2 Máq. × 2 Núcleos;2;2;15.7778;12.101911;4.936306;10.849868;1.000000;1.000000;1.000000
2 Máq. × 2 Núcleos;2;2;17.8889;11.930521;4.994808;12.894060;1.000000;1.000000;1.000000
2 Máq. × 2 Núcleos;2;2;20.0000;11.956127;4.998437;15.005515;1.000000;1.000000;1.000000
2 Máq. × 4 Núcleos;2;4;1.0000;0.801780;0.996237;0.000000;0.100255;0.100255;0.099417
2 Máq. × 4 Núcleos;2;4;3.1111;0.800765;3.109215;0.000000;0.309881;0.309881;0.308201
2 Máq. × 4 Núcleos;2;4;5.2222;0.824664;5.209361;0.000000;0.522695;0.522695;0.521489
2 Máq. × 4 Núcleos;2;4;7.3333;0.925157;7.333713;0.000000;0.733700;0.733700;0.735218
2 Máq. × 4 Núcleos;2;4;9.4444;2.060197;9.402986;0.022222;0.949955;0.949955;0.945276
2 Máq. × 4 Núcleos;2;4;11.5556;5.383991;10.003414;1.544641;1.000000;1.000000;0.999820
2 Máq. × 4 Núcleos;2;4;13.6667;5.687330;10.087969;3.592631;1.000000;1.000000;1.000000
2 Máq. × 4 Núcleos;2;4;15.7778;5.829773;9.905511;5.749864;1.000000;1.000000;1.000000
2 Máq. × 4 Núcleos;2;4;17.8889;5.891316;9.991678;7.885536;1.000000;1.000000;1.000000
2 Máq. × 4 Núcleos;2;4;20.0000;5.965253;9.896816;10.032177;1.000000;1.000000;1.000000
2 Máq. × 6 Núcleos;2;6;1.0000;0.802141;0.999240;0.000000;0.066808;0.066808;0.066575
2 Máq. × 6 Núcleos;2;6;3.1111;0.797271;3.068144;0.000000;0.204969;0.204969;0.206640
2 Máq. × 6 Núcleos;2;6;5.2222;0.797515;5.281660;0.000000;0.345896;0.345896;0.345299
2 Máq. × 6 Núcleos;2;6;7.3333;0.805430;7.430730;0.000000;0.493248;0.493248;0.493215
2 Máq. × 6 Núcleos;2;6;9.4444;0.819395;9.502372;0.000000;0.632266;0.632266;0.633662
2 Máq. × 6 Núcleos;2;6;11.5556;0.881500;11.531341;0.000000;0.764214;0.764214;0.766181
2 Máq. × 6 Núcleos;2;6;13.6667;1.242868;13.655534;0.009394;0.911810;0.911810;0.915125
2 Máq. × 6 Núcleos;2;6;15.7778;2.967620;14.958976;0.830357;0.997573;0.997573;0.997776
2 Máq. × 6 Núcleos;2;6;17.8889;3.598712;15.062008;2.865446;0.999997;0.999997;1.000000
2 Máq. × 6 Núcleos;2;6;20.0000;3.813428;15.030898;5.012322;1.000000;1.000000;1.000000
2 Máq. × 8 Núcleos;2;8;1.0000;0.799476;0.999056;0.000000;0.049677;0.049677;0.049749
2 Máq. × 8 Núcleos;2;8;3.1111;0.802597;3.117317;0.000000;0.155393;0.155393;0.156468
2 Máq. × 8 Núcleos;2;8;5.2222;0.798416;5.235574;0.000000;0.262318;0.262318;0.261744
2 Máq. × 8 Núcleos;2;8;7.3333;0.797047;7.365613;0.000000;0.366127;0.366127;0.367305
2 Máq. × 8 Núcleos;2;8;9.4444;0.803525;9.437492;0.000000;0.473550;0.473550;0.474017
2 Máq. × 8 Núcleos;2;8;11.5556;0.802647;11.659089;0.000000;0.580621;0.580621;0.581042
2 Máq. × 8 Núcleos;2;8;13.6667;0.819868;13.677169;0.000000;0.698817;0.698817;0.694157
2 Máq. × 8 Núcleos;2;8;15.7778;0.858506;15.817417;0.000000;0.785979;0.785979;0.789422
2 Máq. × 8 Núcleos;2;8;17.8889;1.064743;17.870084;0.007717;0.896732;0.896732;0.904976
2 Máq. × 8 Núcleos;2;8;20.0000;1.777632;19.592712;0.426261;0.976770;0.976770;0.979910
2 Máq. × 10 Núcleos;2;10;1.0000;0.795909;1.005484;0.000000;0.040046;0.040046;0.040170
2 Máq. × 10 Núcleos;2;10;3.1111;0.798449;3.101564;0.000000;0.123770;0.123770;0.123681
2 Máq. × 10 Núcleos;2;10;5.2222;0.799616;5.206268;0.000000;0.208073;0.208073;0.209140
2 Máq. × 10 Núcleos;2;10;7.3333;0.803101;7.327799;0.000000;0.290007;0.290007;0.291254
2 Máq. × 10 Núcleos;2;10;9.4444;0.806637;9.411946;0.000000;0.375116;0.375116;0.375156
2 Máq. × 10 Núcleos;2;10;11.5556;0.806051;11.493423;0.000000;0.468549;0.468549;0.469344
2 Máq. × 10 Núcleos;2;10;13.6667;0.796266;13.573947;0.000000;0.542330;0.542330;0.538904
2 Máq. × 10 Núcleos;2;10;15.7778;0.809013;16.017864;0.000000;0.637450;0.637450;0.636720
2 Máq. × 10 Núcleos;2;10;17.8889;0.810957;17.911103;0.000000;0.710280;0.710280;0.710775
2 Máq. × 10 Núcleos;2;10;20.0000;0.862899;19.957712;0.000000;0.804402;0.804402;0.801376
